Spectrum	Spectrum File	Peptide	Modified Peptide	Prev AA	Next AA	Peptide Length	Charge	Retention	Observed Mass	Calibrated Observed Mass	Observed M/Z	Calibrated Observed M/Z	Calculated Peptide Mass	Calculated M/Z	Delta Mass	Expectation	Hyperscore	Nextscore	PeptideProphet Probability	Number of Enzymatic Termini	Number of Missed Cleavages	Protein Start	Protein End	Intensity	Assigned Modifications	Observed Modifications	Is Unique	Protein	Protein ID	Entry Name	Gene	Protein Description	Mapped Genes	Mapped Proteins
2144	interact-MCF7Cell_O-GlcNAc_Petyuk_R1_15May20_Rage_Rep-20-05-01.pep.xml	HITGSYK		K	V	7	2	521.6762	804.4157	804.4184	403.2151	403.2165	804.4130	403.2138	0.0054	0.01067856000000	14.4150	7.9530	0.9578	2	0	363	370	0.0000			true	sp|Q15046|SYK_HUMAN		SYK_HUMAN	KARS1	Lysine--tRNA ligase		
2323		HGVYNPNK		K	I	8	2	561.2207	927.4543	927.4561	464.7345	464.7353	927.4562	464.7354	-0.0001	0.07349369000000	13.0350	0.0000	0.9721	2	0	157	165	0.0000			true	sp|P40926|MDHM_HUMAN		MDHM_HUMAN	MDH2	Malate dehydrogenase, mitochondrial		
2999		HQGVMVGMGQK	HQGVM[147]VGM[147]GQK	R	D	11	2	712.7616	1202.5521	1202.5521	602.2833	602.2833	1202.5535	602.2840	-0.0013	0.00000000547114	30.8680	8.1980	1.0000	2	0	39	50	0.0000	5M(15.9949), 8M(15.9949)		false	sp|P60709|ACTB_HUMAN		ACTB_HUMAN	ACTB	Actin, cytoplasmic 1	ACTA1, ACTA2, ACTBL2, ACTC1, ACTG1, ACTG2	sp|P62736|ACTA_HUMAN, sp|P63261|ACTG_HUMAN, sp|P63267|ACTH_HUMAN, sp|P68032|ACTC_HUMAN, sp|P68133|ACTS_HUMAN, sp|Q562R1|ACTBL_HUMAN
3008		HQGVMVGMGQK	HQGVM[147]VGM[147]GQK	R	D	11	3	714.4628	1202.5508	1202.5513	401.8575	401.8577	1202.5535	401.8584	-0.0022	0.00002765715000	18.9180	7.4570	1.0000	2	0	39	50	0.0000	5M(15.9949), 8M(15.9949)		false	sp|P60709|ACTB_HUMAN		ACTB_HUMAN	ACTB	Actin, cytoplasmic 1	ACTA1, ACTA2, ACTBL2, ACTC1, ACTG1, ACTG2	sp|P62736|ACTA_HUMAN, sp|P63261|ACTG_HUMAN, sp|P63267|ACTH_HUMAN, sp|P68032|ACTC_HUMAN, sp|P68133|ACTS_HUMAN, sp|Q562R1|ACTBL_HUMAN
3052		TKTEISEMNR	TKTEISEM[147]NR	R	N	10	2	722.9492	1223.5795	1223.5806	612.7970	612.7976	1223.5815	612.7980	-0.0009	0.00188473400000	21.3990	9.4460	1.0000	2	1	302	312	0.0000	8M(15.9949)		true	sp|P05787|K2C8_HUMAN		K2C8_HUMAN	KRT8	Keratin, type II cytoskeletal 8		
3054		TKTEISEMNR	TKTEISEM[147]NR	R	N	10	3	723.3923	1223.5781	1223.5793	408.8666	408.8670	1223.5815	408.8678	-0.0022	0.00026948150000	23.2130	11.1920	1.0000	2	1	302	312	0.0000	8M(15.9949)		true	sp|P05787|K2C8_HUMAN		K2C8_HUMAN	KRT8	Keratin, type II cytoskeletal 8		
3343		THYDPPR		R	K	7	2	778.1438	884.4108	884.4133	443.2127	443.2139	884.4141	443.2143	-0.0007	0.03719631000000	15.2180	8.2820	0.9849	2	0	192	199	0.0000			false	sp|P31943|HNRH1_HUMAN		HNRH1_HUMAN	HNRNPH1	Heterogeneous nuclear ribonucleoprotein H	HNRNPH2	sp|P55795|HNRH2_HUMAN
3490		SYTSGPGSR		R	I	9	2	806.3687	910.4130	910.4136	456.2138	456.2141	910.4144	456.2145	-0.0007	0.00324713200000	18.4540	7.3730	1.0000	2	0	23	32	0.0000			true	sp|P05787|K2C8_HUMAN		K2C8_HUMAN	KRT8	Keratin, type II cytoskeletal 8		
3550		LESGMQNMSIHTK	LESGM[147]QNM[147]SIHTK	R	T	13	2	817.4047	1506.6785	1506.6803	754.3465	754.3474	1506.6805	754.3475	-0.0002	0.00992544300000	18.5130	0.0000	0.9986	2	0	401	414	0.0000	5M(15.9949), 8M(15.9949)		true	sp|P05787|K2C8_HUMAN		K2C8_HUMAN	KRT8	Keratin, type II cytoskeletal 8		
3553		LESGMQNMSIHTK	LESGM[147]QNM[147]SIHTK	R	T	13	3	817.9181	1506.6794	1506.6794	503.2337	503.2337	1506.6805	503.2341	-0.0011	0.00107605300000	20.4220	9.6810	1.0000	2	0	401	414	0.0000	5M(15.9949), 8M(15.9949)		true	sp|P05787|K2C8_HUMAN		K2C8_HUMAN	KRT8	Keratin, type II cytoskeletal 8		
3562		HSEVQQANLK		K	A	10	2	819.4256	1152.5712	1152.5713	577.2929	577.2929	1152.5886	577.3016	-0.0173	0.00348259100000	23.9860	9.1260	0.9956	2	0	318	328	0.0000			true	sp|P35606|COPB2_HUMAN		COPB2_HUMAN	COPB2	Coatomer subunit beta'		
3622		TATPQQAQEVHEK		K	L	13	3	831.2031	1465.7136	1465.7156	489.5785	489.5791	1465.7161	489.5793	-0.0004	0.00000149539400	25.0160	9.1260	1.0000	2	0	212	225	0.0000			true	sp|P60174|TPIS_HUMAN		TPIS_HUMAN	TPI1	Triosephosphate isomerase		
3832		QVHPDTGISSK		K	A	11	2	874.0839	1167.5865	1167.5890	584.8005	584.8018	1167.5884	584.8015	0.0006	0.00002703351000	18.3120	8.6870	1.0000	2	0	47	58	0.0000			false	sp|O60814|H2B1K_HUMAN		H2B1K_HUMAN	H2BC12	Histone H2B type 1-K	H2BC1, H2BC11, H2BC13, H2BC14, H2BC15, H2BC4, H2BFS, HIST1H2BB, HIST1H2BD, HIST1H2BH, HIST1H2BO, HIST2H2BE, HIST2H2BF, HIST3H2BB	sp|P06899|H2B1J_HUMAN, sp|P23527|H2B1O_HUMAN, sp|P33778|H2B1B_HUMAN, sp|P57053|H2BFS_HUMAN, sp|P58876|H2B1D_HUMAN, sp|P62807|H2B1C_HUMAN, sp|Q16778|H2B2E_HUMAN, sp|Q5QNW6|H2B2F_HUMAN, sp|Q8N257|H2B3B_HUMAN, sp|Q93079|H2B1H_HUMAN, sp|Q96A08|H2B1A_HUMAN, sp|Q99877|H2B1N_HUMAN, sp|Q99879|H2B1M_HUMAN, sp|Q99880|H2B1L_HUMAN
4156		QDEHGYISR		R	C	9	3	939.4502	1103.4977	1103.4991	368.8398	368.8403	1103.4995	368.8404	-0.0003	0.12316860000000	11.1380	0.0000	0.9557	2	0	127	136	0.0000			true	sp|P04792|HSPB1_HUMAN		HSPB1_HUMAN	HSPB1	Heat shock protein beta-1		
4304		KLLEGEESR		R	L	9	2	970.7520	1059.5540	1059.5554	530.7843	530.7850	1059.5559	530.7852	-0.0004	0.00053350210000	23.9950	11.4540	1.0000	2	0	392	401	0.0000			false	sp|P05787|K2C8_HUMAN		K2C8_HUMAN	KRT8	Keratin, type II cytoskeletal 8	DES, KRT7, PRPH, VIM	sp|P08670|VIME_HUMAN, sp|P08729|K2C7_HUMAN, sp|P17661|DESM_HUMAN, sp|P41219|PERI_HUMAN
4324		TYFTDKK		K	T	7	2	975.1528	901.4534	901.4540	451.7340	451.7343	901.4545	451.7345	-0.0005	0.02254239000000	14.0880	7.7850	0.9944	2	0	227	234	0.0000			true	sp|P27824|CALX_HUMAN		CALX_HUMAN	CANX	Calnexin		
4715		STGEPLGHVPAR		K	M	12	2	1058.3454	1219.6283	1219.6307	610.8214	610.8226	1219.6309	610.8227	-0.0001	0.00108392700000	21.3600	8.2970	1.0000	2	0	10	22	0.0000			true	sp|Q93052|LPP_HUMAN		LPP_HUMAN	LPP	Lipoma-preferred partner		
4775		HQPTAIIAK		K	T	9	2	1070.8936	977.5637	977.5652	489.7891	489.7899	977.5658	489.7902	-0.0005	0.00145048400000	24.1450	7.8130	1.0000	2	0	232	241	0.0000			true	sp|P29401|TKT_HUMAN		TKT_HUMAN	TKT	Transketolase		
4856		AVVGYSGNGR		K	A	10	2	1088.3570	978.4864	978.4872	490.2505	490.2509	978.4883	490.2514	-0.0011	0.05956086000000	11.7220	5.7430	0.9629	2	0	1111	1121	0.0000			true	sp|Q96KV7|WDR90_HUMAN		WDR90_HUMAN	WDR90	WD repeat-containing protein 90		
4866		HVFGQPVK		R	N	8	2	1090.3364	910.4998	910.5021	456.2572	456.2583	910.5024	456.2585	-0.0003	0.00318624300000	18.0350	11.5620	1.0000	2	0	13	21	0.0000			true	sp|Q9BR76|COR1B_HUMAN		COR1B_HUMAN	CORO1B	Coronin-1B		
5116		HVQGILR		R	G	7	2	1143.1786	821.4855	821.4868	411.7500	411.7507	821.4871	411.7508	-0.0003	0.02774917000000	12.7270	9.8720	0.9925	2	0	25	32	0.0000			false	sp|A8MWD9|RUXGL_HUMAN		RUXGL_HUMAN	SNRPGP15	Putative small nuclear ribonucleoprotein G-like protein 15	SNRPG	sp|P62308|RUXG_HUMAN
5651		SRAEAESMYQIK	SRAEAESM[147]YQIK	R	Y	12	3	1258.5797	1427.6692	1427.6704	476.8970	476.8974	1427.6714	476.8977	-0.0009	0.00250611000000	19.9040	8.8350	1.0000	2	1	273	285	0.0000	8M(15.9949)		true	sp|P05787|K2C8_HUMAN		K2C8_HUMAN	KRT8	Keratin, type II cytoskeletal 8		
5761		HLIPAANTGESK		K	V	12	2	1282.5422	1236.6449	1236.6466	619.3297	619.3306	1236.6461	619.3303	0.0004	0.02065380000000	17.2400	0.0000	0.9951	2	0	106	118	0.0000			true	sp|P62258|1433E_HUMAN		1433E_HUMAN	YWHAE	14-3-3 protein epsilon		
6153		STTTGHLIYK		K	C	10	2	1368.0678	1119.5913	1119.5922	560.8029	560.8034	1119.5924	560.8035	-0.0002	0.00000015835120	22.4130	9.4360	1.0000	2	0	20	30	0.0000			false	sp|P68104|EF1A1_HUMAN		EF1A1_HUMAN	EEF1A1	Elongation factor 1-alpha 1	EEF1A1P5, EEF1A2	sp|Q05639|EF1A2_HUMAN, sp|Q5VTE0|EF1A3_HUMAN
6238		TIEAEAAHGTVTR		K	H	13	2	1386.9697	1354.6835	1354.6848	678.3490	678.3497	1354.6840	678.3493	0.0008	0.00168752400000	20.5910	8.0750	1.0000	2	0	340	353	0.0000			true	sp|P48735|IDHP_HUMAN		IDHP_HUMAN	IDH2	Isocitrate dehydrogenase [NADP], mitochondrial		
6254		TIEAEAAHGTVTR		K	H	13	3	1390.5494	1354.6826	1354.6843	452.5681	452.5687	1354.6840	452.5686	0.0003	0.00000575811700	25.0250	7.0000	1.0000	2	0	340	353	0.0000			true	sp|P48735|IDHP_HUMAN		IDHP_HUMAN	IDH2	Isocitrate dehydrogenase [NADP], mitochondrial		
6339		ISSSSFSR		R	V	8	2	1408.9568	869.4230	869.4236	435.7188	435.7191	869.4243	435.7194	-0.0006	0.00567129500000	16.5390	14.5570	0.9996	2	0	32	40	0.0000			true	sp|P05787|K2C8_HUMAN		K2C8_HUMAN	KRT8	Keratin, type II cytoskeletal 8		
6615		TKDGVVEITGK		K	H	11	2	1466.1639	1145.6282	1145.6288	573.8214	573.8217	1145.6292	573.8219	-0.0003	0.00000218760200	28.9110	10.3540	1.0000	2	1	112	123	0.0000			true	sp|P04792|HSPB1_HUMAN		HSPB1_HUMAN	HSPB1	Heat shock protein beta-1		
6618		TKDGVVEITGK		K	H	11	3	1466.7637	1145.6267	1145.6284	382.8828	382.8834	1145.6292	382.8837	-0.0007	0.00008462177000	18.8980	10.7150	1.0000	2	1	112	123	0.0000			true	sp|P04792|HSPB1_HUMAN		HSPB1_HUMAN	HSPB1	Heat shock protein beta-1		
6991		HSVGVVIGR		R	S	9	2	1545.6537	922.5336	922.5341	462.2741	462.2743	922.5349	462.2747	-0.0007	0.00190321300000	17.7170	11.2280	1.0000	2	0	331	340	0.0000			true	sp|Q92945|FUBP2_HUMAN		FUBP2_HUMAN	KHSRP	Far upstream element-binding protein 2		
7460		AVVTGLVHK		R	W	9	2	1645.6647	922.5590	922.5595	462.2868	462.2870	922.5600	462.2873	-0.0004	0.00606250600000	15.4960	9.5610	0.9996	2	0	220	229	0.0000			true	sp|Q4G176|ACSF3_HUMAN		ACSF3_HUMAN	ACSF3	Malonate--CoA ligase ACSF3, mitochondrial		
7463		TKFETEQALR		R	M	10	3	1646.2638	1221.6333	1221.6344	408.2184	408.2187	1221.6353	408.2190	-0.0008	0.00017812370000	21.6990	12.4450	1.0000	2	1	166	176	0.0000			false	sp|P08727|K1C19_HUMAN		K1C19_HUMAN	KRT19	Keratin, type I cytoskeletal 19	KRT17	sp|Q04695|K1C17_HUMAN
7601		HYGGLTGLNK		R	A	10	2	1675.2839	1058.5494	1058.5503	530.2820	530.2824	1058.5508	530.2827	-0.0004	0.00000553974200	24.0370	11.6710	1.0000	2	0	90	100	0.0000			false	sp|P15259|PGAM2_HUMAN		PGAM2_HUMAN	PGAM2	Phosphoglycerate mutase 2	PGAM1, PGAM4	sp|P18669|PGAM1_HUMAN, sp|Q8N0Y7|PGAM4_HUMAN
7630		HLQLAVR		R	N	7	2	1681.1643	835.5015	835.5021	418.7580	418.7583	835.5028	418.7587	-0.0006	0.00181447100000	20.4650	13.7200	1.0000	2	0	82	89	0.0000			true	sp|Q8IUE6|H2A2B_HUMAN		H2A2B_HUMAN	HIST2H2AB	Histone H2A type 2-B		
7809		AQYEDIANR		K	S	9	2	1720.5009	1078.5050	1078.5033	540.2598	540.2589	1078.5043	540.2594	-0.0009	0.02321400000000	15.0370	0.0000	0.9921	2	0	264	273	0.0000			false	sp|P05787|K2C8_HUMAN		K2C8_HUMAN	KRT8	Keratin, type II cytoskeletal 8	KRT75	sp|O95678|K2C75_HUMAN
7912		HFVALSTNTTK		K	V	11	2	1742.6910	1217.6382	1217.6410	609.8264	609.8278	1217.6404	609.8275	0.0006	0.00000000000197	36.0500	9.1450	1.0000	2	0	241	252	0.0000			true	sp|P06744|G6PI_HUMAN		G6PI_HUMAN	GPI	Glucose-6-phosphate isomerase		
7984		STFSTNYR		R	S	8	2	1757.3386	974.4442	974.4448	488.2294	488.2297	974.4457	488.2301	-0.0009	0.02523481000000	14.8920	7.2880	0.9908	2	0	6	14	0.0000			true	sp|P05783|K1C18_HUMAN		K1C18_HUMAN	KRT18	Keratin, type I cytoskeletal 18		
8075		HTFGLVQSK		R	L	9	2	1775.7315	1015.5430	1015.5449	508.7788	508.7797	1015.5450	508.7798	-0.0001	0.00000092111970	23.2430	9.2590	1.0000	2	0	43	52	0.0000			true	sp|Q6UW68|TM205_HUMAN		TM205_HUMAN	TMEM205	Transmembrane protein 205		
8260		HPQLLYESK		R	L	9	2	1814.9102	1113.5828	1113.5830	557.7987	557.7988	1113.5818	557.7982	0.0012	0.00007642707000	19.1070	11.0410	1.0000	2	0	53	62	0.0000			false	sp|P48729|KC1A_HUMAN		KC1A_HUMAN	CSNK1A1	Casein kinase I isoform alpha	CSNK1A1L	sp|Q8N752|KC1AL_HUMAN
8491		HYVYSTLTR		K	N	9	2	1863.6433	1138.5743	1138.5770	570.2944	570.2958	1138.5770	570.2958	0.0000	0.01674943000000	16.6040	0.0000	0.9964	2	0	681	690	0.0000			true	sp|Q5T0W9|FA83B_HUMAN		FA83B_HUMAN	FAM83B	Protein FAM83B		
8581		HLSPDGQYVPR		K	I	11	3	1882.1173	1267.6284	1267.6301	423.5501	423.5506	1267.6309	423.5509	-0.0007	0.00109525400000	15.6800	8.5110	1.0000	2	0	116	127	0.0000			true	sp|O95994|AGR2_HUMAN		AGR2_HUMAN	AGR2	Anterior gradient protein 2 homolog		
8683		HILANFK		K	N	7	2	1903.4698	841.4792	841.4806	421.7469	421.7476	841.4810	421.7478	-0.0004	0.00623272200000	15.2300	10.3410	0.9996	2	0	123	130	0.0000			false	sp|P13693|TCTP_HUMAN		TCTP_HUMAN	TPT1	Translationally-controlled tumor protein		sp|Q56UQ5|TPT1L_HUMAN
9193		HYIFNPR		R	K	7	2	2008.6031	945.4804	945.4819	473.7475	473.7482	945.4821	473.7483	-0.0001	0.03906159000000	15.1330	0.0000	0.9879	2	0	228	235	0.0000			true	sp|Q9NYU2|UGGG1_HUMAN		UGGG1_HUMAN	UGGT1	UDP-glucose:glycoprotein glucosyltransferase 1		
9320		TALIHDGLAR		K	G	10	2	2035.0031	1065.5922	1065.5927	533.8034	533.8036	1065.5930	533.8038	-0.0003	0.01837596000000	13.4430	0.0000	0.9959	2	0	23	33	0.0000			true	sp|P25398|RS12_HUMAN		RS12_HUMAN	RPS12	40S ribosomal protein S12		
9471		TYHALSNLPK		K	A	10	2	2066.3297	1142.6066	1142.6073	572.3106	572.3109	1142.6083	572.3114	-0.0009	0.00009767603000	19.5130	9.6320	1.0000	2	0	175	185	0.0000			true	sp|O00231|PSD11_HUMAN		PSD11_HUMAN	PSMD11	26S proteasome non-ATPase regulatory subunit 11		
9507		HVLVTLGEK		R	M	9	2	2073.0638	994.5801	994.5811	498.2973	498.2978	994.5811	498.2978	0.0000	0.00000040806980	28.8280	11.0330	1.0000	2	0	110	119	0.0000			true	sp|P60660|MYL6_HUMAN		MYL6_HUMAN	MYL6	Myosin light polypeptide 6		
9569		PVSSAASVYAGAGGSGSR		R	I	18	2	2087.7917	1579.7585	1579.7588	790.8865	790.8867	1579.7589	790.8867	-0.0001	0.00002837919000	26.6880	0.0000	1.0000	2	0	27	45	0.0000			true	sp|P05783|K1C18_HUMAN		K1C18_HUMAN	KRT18	Keratin, type I cytoskeletal 18		
9607		HIYYITGETK		K	D	10	2	2096.1035	1223.6160	1223.6196	612.8153	612.8171	1223.6185	612.8165	0.0011	0.01749375000000	14.3370	7.3250	0.9962	2	0	489	499	0.0000			false	sp|P07900|HS90A_HUMAN		HS90A_HUMAN	HSP90AA1	Heat shock protein HSP 90-alpha	HSP90AA5P	sp|Q58FG0|HS905_HUMAN
9651		TVTVTRPTGVSFK		K	K	13	2	2104.7308	1391.7787	1391.7775	696.8966	696.8960	1391.7772	696.8959	0.0002	0.00043617080000	19.0180	10.0570	1.0000	2	1	1050	1063	0.0000			true	sp|A5YKK6|CNOT1_HUMAN		CNOT1_HUMAN	CNOT1	CCR4-NOT transcription complex subunit 1		
9671		HIYYITGETK		K	D	10	3	2108.7563	1223.6172	1223.6184	408.8797	408.8801	1223.6185	408.8801	-0.0001	0.00347944600000	12.3810	6.9870	1.0000	2	0	489	499	0.0000			false	sp|P07900|HS90A_HUMAN		HS90A_HUMAN	HSP90AA1	Heat shock protein HSP 90-alpha	HSP90AA5P	sp|Q58FG0|HS905_HUMAN
9791		LASYLDR		R	V	7	2	2132.4042	836.4381	836.4389	419.2263	419.2267	836.4392	419.2269	-0.0003	0.10702860000000	12.3820	8.7900	0.9569	2	0	90	97	0.0000			true	sp|P05783|K1C18_HUMAN		K1C18_HUMAN	KRT18	Keratin, type I cytoskeletal 18		
9886		HWGGNVLGPK		R	S	10	2	2151.5053	1063.5540	1063.5557	532.7843	532.7851	1063.5563	532.7854	-0.0006	0.00128714800000	16.7210	10.8330	1.0000	2	0	235	245	0.0000			true	sp|P62424|RL7A_HUMAN		RL7A_HUMAN	RPL7A	60S ribosomal protein L7a		
9913		SPITIITTK		K	V	9	2	2156.3010	972.5837	972.5857	487.2991	487.3001	972.5855	487.3000	0.0001	0.00002489542000	25.6670	9.8620	1.0000	2	0	793	802	0.0000			true	sp|P51610|HCFC1_HUMAN		HCFC1_HUMAN	HCFC1	Host cell factor 1		
9996		HLQLAIR		R	N	7	2	2172.2754	849.5167	849.5177	425.7656	425.7661	849.5184	425.7665	-0.0007	0.02031188000000	19.2690	11.7130	0.9939	2	0	82	89	0.0000			false	sp|P04908|H2A1B_HUMAN		H2A1B_HUMAN	H2AC4	Histone H2A type 1-B/E	H2AC11, H2AC14, H2AC7, H2AFJ, H2AFV, H2AFX, H2AZ1, HIST1H2AA, HIST1H2AC, HIST1H2AH, HIST2H2AA3, HIST2H2AC, HIST3H2A	sp|P0C0S5|H2AZ_HUMAN, sp|P0C0S8|H2A1_HUMAN, sp|P16104|H2AX_HUMAN, sp|P20671|H2A1D_HUMAN, sp|Q16777|H2A2C_HUMAN, sp|Q6FI13|H2A2A_HUMAN, sp|Q71UI9|H2AV_HUMAN, sp|Q7L7L0|H2A3_HUMAN, sp|Q93077|H2A1C_HUMAN, sp|Q96KK5|H2A1H_HUMAN, sp|Q96QV6|H2A1A_HUMAN, sp|Q99878|H2A1J_HUMAN, sp|Q9BTM1|H2AJ_HUMAN
10020		TPVEPEVAIHR		K	I	11	3	2176.8276	1246.6647	1246.6682	416.5622	416.5633	1246.6669	416.5629	0.0013	0.00000000000011	25.1550	0.0000	1.0000	2	0	8	19	0.0000			true	sp|P60866|RS20_HUMAN		RS20_HUMAN	RPS20	40S ribosomal protein S20		
10042		HGLYLPTR		K	V	8	2	2181.1109	955.5234	955.5241	478.7690	478.7693	955.5239	478.7692	0.0001	0.00000853903800	21.3990	0.0000	1.0000	2	0	1043	1051	0.0000			true	sp|P49327|FAS_HUMAN		FAS_HUMAN	FASN	Fatty acid synthase		
10052		TPVEPEVAIHR		K	I	11	2	2183.1947	1246.6663	1246.6681	624.3404	624.3413	1246.6669	624.3407	0.0012	0.02694635000000	12.7780	6.7950	0.9926	2	0	8	19	0.0000			true	sp|P60866|RS20_HUMAN		RS20_HUMAN	RPS20	40S ribosomal protein S20		
10166		THAVLVALK		K	R	9	2	2207.0975	950.5900	950.5909	476.3023	476.3027	950.5912	476.3029	-0.0003	0.00033342620000	23.4080	8.4130	1.0000	2	0	41	50	0.0000			true	sp|P25786|PSA1_HUMAN		PSA1_HUMAN	PSMA1	Proteasome subunit alpha type-1		
10202		HLTDAYFK		K	K	8	2	2214.5778	993.4899	993.4918	497.7522	497.7532	993.4919	497.7532	-0.0001	0.00021714770000	19.5280	9.5960	1.0000	2	0	210	218	0.0000			true	sp|Q02878|RL6_HUMAN		RL6_HUMAN	RPL6	60S ribosomal protein L6		
10266		AHLGALLAR		R	Y	9	2	2227.8243	920.5549	920.5546	461.2847	461.2846	920.5555	461.2850	-0.0009	0.00018838720000	15.6870	9.9120	1.0000	2	0	55	64	0.0000			true	sp|P06307|CCKN_HUMAN		CCKN_HUMAN	CCK	Cholecystokinin		
10315		TQNTVIVNGVAMASR	TQNTVIVNGVAM[147]ASR	M	P	15	3	2237.5854	1575.7994	1575.8002	526.2737	526.2740	1575.8038	526.2752	-0.0036	0.01078962000000	13.6440	0.0000	0.9765	2	0	1	16	0.0000	12M(15.9949)		true	sp|Q3YBM2|T176B_HUMAN		T176B_HUMAN	TMEM176B	Transmembrane protein 176B		
10430		SSGPYGGGGQYFAKPR		R	N	16	3	2259.9586	1627.7732	1627.7749	543.5983	543.5989	1627.7742	543.5987	0.0007	0.00046612240000	22.8260	8.3940	1.0000	2	1	336	352	0.0000			true	sp|P09651|ROA1_HUMAN		ROA1_HUMAN	HNRNPA1	Heterogeneous nuclear ribonucleoprotein A1		
10469		EITALAPSTMK	EITALAPSTM[147]K	K	I	11	2	2267.9382	1176.6027	1176.6064	589.3086	589.3105	1176.6060	589.3103	0.0004	0.00132168300000	17.9860	11.5190	1.0000	2	0	315	326	0.0000	10M(15.9949)		false	sp|P60709|ACTB_HUMAN		ACTB_HUMAN	ACTB	Actin, cytoplasmic 1	ACTA1, ACTA2, ACTC1, ACTG1, ACTG2	sp|P62736|ACTA_HUMAN, sp|P63261|ACTG_HUMAN, sp|P63267|ACTH_HUMAN, sp|P68032|ACTC_HUMAN, sp|P68133|ACTS_HUMAN
10574		HFYSLVK		K	Q	7	2	2288.6206	892.4788	892.4799	447.2467	447.2472	892.4806	447.2476	-0.0007	0.07099862000000	13.0950	0.0000	0.9681	2	0	811	818	0.0000			true	sp|Q96HY7|DHTK1_HUMAN		DHTK1_HUMAN	DHTKD1	Probable 2-oxoglutarate dehydrogenase E1 component DHKTD1, mitochondrial		
10673		TMAVTPGTTTLPATVK	TM[147]AVTPGTTTLPATVK	K	V	16	2	2307.4068	1603.8464	1603.8517	802.9305	802.9331	1603.8490	802.9318	0.0026	0.02630268000000	12.8200	0.0000	0.9772	2	0	578	594	0.0000	2M(15.9949)		true	sp|P51610|HCFC1_HUMAN		HCFC1_HUMAN	HCFC1	Host cell factor 1		
10863		GYSFTTTAER		R	E	10	2	2345.0517	1131.5175	1131.5195	566.7660	566.7670	1131.5195	566.7670	0.0000	0.00165101100000	18.6290	6.7040	1.0000	2	0	196	206	0.0000			false	sp|P60709|ACTB_HUMAN		ACTB_HUMAN	ACTB	Actin, cytoplasmic 1	ACTG1	sp|P63261|ACTG_HUMAN
10900		HLLIGVSSDR		K	G	10	2	2352.0401	1095.6019	1095.6035	548.8082	548.8090	1095.6035	548.8090	0.0000	0.02191544000000	18.1370	10.6870	0.9946	2	0	90	100	0.0000			true	sp|P36542|ATPG_HUMAN		ATPG_HUMAN	ATP5F1C	ATP synthase subunit gamma, mitochondrial		
10913		HFNLLSSK		K	G	8	2	2354.7025	944.5059	944.5077	473.2602	473.2612	944.5079	473.2612	-0.0001	0.00000554988500	19.0690	9.5360	1.0000	2	0	125	133	0.0000			true	sp|Q9BUP3|HTAI2_HUMAN		HTAI2_HUMAN	HTATIP2	Oxidoreductase HTATIP2		
11040		DNIQGITKPAIR		R	R	12	2	2380.0253	1324.7452	1324.7463	663.3799	663.3804	1324.7462	663.3804	0.0001	0.00151705100000	20.7760	0.0000	1.0000	2	1	24	36	0.0000			true	sp|P62805|H4_HUMAN		H4_HUMAN	H4C1	Histone H4		
11623		SLGSVQAPSYGAR		R	P	13	2	2497.4313	1291.6510	1291.6523	646.8328	646.8334	1291.6520	646.8333	0.0003	0.00000115464700	24.4550	10.4420	1.0000	2	0	14	27	0.0000			true	sp|P05783|K1C18_HUMAN		K1C18_HUMAN	KRT18	Keratin, type I cytoskeletal 18		
11707		TQIDHYVGIAR		K	D	11	2	2514.8687	1271.6597	1271.6609	636.8371	636.8377	1271.6621	636.8383	-0.0012	0.01181681000000	19.2100	0.0000	0.9971	2	0	998	1009	0.0000			true	sp|O95197|RTN3_HUMAN		RTN3_HUMAN	RTN3	Reticulon-3		
11860		GGGGNFGPGPGSNFR		R	G	15	2	2546.0381	1376.6199	1376.6249	689.3172	689.3197	1376.6221	689.3183	0.0028	0.00865466200000	16.7510	0.0000	0.9938	2	0	213	228	0.0000			true	sp|P22626|ROA2_HUMAN		ROA2_HUMAN	HNRNPA2B1	Heterogeneous nuclear ribonucleoproteins A2/B1		
11977		HQSFVLVGETGSGK		R	T	14	2	2569.1071	1444.7329	1444.7322	723.3737	723.3734	1444.7310	723.3728	0.0012	0.02165209000000	17.1580	0.0000	0.9947	2	0	152	166	0.0000			true	sp|O43143|DHX15_HUMAN		DHX15_HUMAN	DHX15	Pre-mRNA-splicing factor ATP-dependent RNA helicase DHX15		
11993		ISVYYNEATGGK		R	Y	12	2	2572.0665	1300.6280	1300.6306	651.3213	651.3226	1300.6299	651.3222	0.0007	0.01374042000000	15.9480	0.0000	0.9974	2	0	46	58	0.0000			true	sp|P07437|TBB5_HUMAN		TBB5_HUMAN	TUBB	Tubulin beta chain		
12478		LEAEIATYR		K	R	9	2	2666.8050	1064.5488	1064.5504	533.2817	533.2825	1064.5502	533.2824	0.0002	0.01084553000000	19.2950	10.7980	0.9983	2	0	372	381	0.0000			true	sp|P05783|K1C18_HUMAN		K1C18_HUMAN	KRT18	Keratin, type I cytoskeletal 18		
12645		TGVAVNKPAEFTVDAK		K	H	16	2	2697.9039	1645.8651	1645.8660	823.9398	823.9403	1645.8674	823.9410	-0.0014	0.00208361300000	18.5960	11.4020	1.0000	2	1	684	700	0.0000			true	sp|P21333|FLNA_HUMAN		FLNA_HUMAN	FLNA	Filamin-A		
12648		TGVAVNKPAEFTVDAK		K	H	16	3	2698.5008	1645.8687	1645.8689	549.6302	549.6302	1645.8674	549.6297	0.0014	0.00000001990229	30.7010	11.2380	1.0000	2	1	684	700	0.0000			true	sp|P21333|FLNA_HUMAN		FLNA_HUMAN	FLNA	Filamin-A		
12685		SLLEGQEDHYNNLSASK		R	V	17	3	2705.5847	1903.8875	1903.8921	635.6364	635.6380	1903.8911	635.6376	0.0009	0.00959953600000	16.5710	0.0000	0.9972	2	0	381	398	0.0000			true	sp|P08727|K1C19_HUMAN		K1C19_HUMAN	KRT19	Keratin, type I cytoskeletal 19		
12994		SSGTSYPDVLK		K	C	11	2	2765.1917	1152.5652	1152.5654	577.2899	577.2900	1152.5662	577.2904	-0.0007	0.00036891080000	17.5470	0.0000	1.0000	2	0	131	142	0.0000			true	Contaminant_TRYP_BOVIN						
13046		HITIFSPEGR		R	L	10	2	2775.0179	1155.6017	1155.6034	578.8081	578.8090	1155.6035	578.8090	-0.0001	0.08155771000000	13.5090	12.6300	0.9683	2	0	11	21	0.0000			true	sp|P60900|PSA6_HUMAN		PSA6_HUMAN	PSMA6	Proteasome subunit alpha type-6		
13210		HLIVLINK		K	M	8	2	2808.0892	948.6107	948.6121	475.3126	475.3133	948.6120	475.3133	0.0001	0.05152285000000	16.6520	11.6450	0.9823	2	0	213	221	0.0000			false	sp|P15170|ERF3A_HUMAN		ERF3A_HUMAN	GSPT1	Eukaryotic peptide chain release factor GTP-binding subunit ERF3A	GSPT2	sp|Q8IYD1|ERF3B_HUMAN
13262		SRLEQEIATYR		K	S	11	3	2817.6146	1364.7035	1364.7046	455.9084	455.9088	1364.7047	455.9088	-0.0001	0.00000013577710	21.6700	18.2610	1.0000	2	1	370	381	0.0000			true	sp|P08727|K1C19_HUMAN		K1C19_HUMAN	KRT19	Keratin, type I cytoskeletal 19		
13307		TKPYIQVDIGGGQTK		K	T	15	2	2825.7884	1603.8503	1603.8583	802.9324	802.9364	1603.8569	802.9357	0.0013	0.00450039000000	18.8870	0.0000	0.9988	2	1	123	138	0.0000			true	sp|P11021|BIP_HUMAN		BIP_HUMAN	HSPA5	Endoplasmic reticulum chaperone BiP		
13369		HGSLGFLPR		R	K	9	2	2837.4653	982.5334	982.5352	492.2740	492.2749	982.5348	492.2747	0.0003	0.00061557100000	23.2030	11.7700	1.0000	2	0	10	19	0.0000			true	sp|P39023|RL3_HUMAN		RL3_HUMAN	RPL3	60S ribosomal protein L3		
13436		QSSATSSFGGLGGGSVR		R	F	17	2	2850.6390	1553.7421	1553.7434	777.8783	777.8790	1553.7433	777.8789	0.0001	0.00644540000000	18.2630	0.0000	0.9995	2	0	7	24	0.0000			true	sp|P08727|K1C19_HUMAN		K1C19_HUMAN	KRT19	Keratin, type I cytoskeletal 19		
13462		AALTGLLHR		R	T	9	2	2855.7170	950.5638	950.5662	476.2892	476.2904	950.5661	476.2903	0.0000	0.01011580000000	19.4800	10.2260	0.9985	2	0	81	90	0.0000			true	sp|P55084|ECHB_HUMAN		ECHB_HUMAN	HADHB	Trifunctional enzyme subunit beta, mitochondrial		
13545		TFIAIKPDGVQR		R	G	12	2	2871.1501	1343.7537	1343.7568	672.8841	672.8857	1343.7560	672.8853	0.0008	0.00123737200000	21.1300	0.0000	1.0000	2	1	6	18	0.0000			false	sp|P15531|NDKA_HUMAN		NDKA_HUMAN	NME1	Nucleoside diphosphate kinase A	NME2	sp|P22392|NDKB_HUMAN
13945		LVIITAGAR		K	Q	9	2	2945.7060	912.5750	912.5760	457.2948	457.2953	912.5756	457.2951	0.0003	0.02710750000000	17.8610	12.1160	0.9928	2	0	90	99	0.0000			false	sp|P00338|LDHA_HUMAN		LDHA_HUMAN	LDHA	L-lactate dehydrogenase A chain	LDHAL6A, LDHAL6B	sp|Q6ZMR3|LDH6A_HUMAN, sp|Q9BYZ2|LDH6B_HUMAN
13976		SQIHDIVLVGGSTR		K	I	14	2	2951.4546	1480.7998	1480.8008	741.4072	741.4077	1480.7997	741.4071	0.0011	0.00301300700000	21.5840	10.8740	1.0000	2	0	328	342	0.0000			true	sp|P11142|HSP7C_HUMAN		HSP7C_HUMAN	HSPA8	Heat shock cognate 71 kDa protein		
13982		VKLEAEIATYR		K	R	11	2	2952.6496	1291.7112	1291.7147	646.8629	646.8646	1291.7135	646.8640	0.0012	0.00002012761000	19.9960	13.3600	1.0000	2	1	370	381	0.0000			true	sp|P05783|K1C18_HUMAN		K1C18_HUMAN	KRT18	Keratin, type I cytoskeletal 18		
14028		TEMENEFVLIKK	TEM[147]ENEFVLIKK	R	D	12	3	2961.5437	1495.7578	1495.7590	499.5932	499.5936	1495.7590	499.5936	0.0000	0.00000143013800	29.6760	10.0270	1.0000	2	0	186	198	0.0000	3M(15.9949)		true	sp|P05787|K2C8_HUMAN		K2C8_HUMAN	KRT8	Keratin, type II cytoskeletal 8		
14058		ESYSVYVYK		K	V	9	2	2967.6876	1136.5406	1136.5405	569.2776	569.2775	1136.5390	569.2768	0.0015	0.02173952000000	15.1510	6.8120	0.9892	2	0	35	44	0.0000			false	sp|O60814|H2B1K_HUMAN		H2B1K_HUMAN	H2BC12	Histone H2B type 1-K	H2BC13, H2BC14, H2BC15, H2BC4, H2BFS, HIST1H2BD, HIST1H2BH, HIST2H2BF	sp|P57053|H2BFS_HUMAN, sp|P58876|H2B1D_HUMAN, sp|P62807|H2B1C_HUMAN, sp|Q5QNW6|H2B2F_HUMAN, sp|Q93079|H2B1H_HUMAN, sp|Q99877|H2B1N_HUMAN, sp|Q99879|H2B1M_HUMAN, sp|Q99880|H2B1L_HUMAN
14104		HYLFDVQR		R	N	8	2	2976.2217	1076.5371	1076.5392	539.2758	539.2769	1076.5403	539.2774	-0.0011	0.00000727571000	21.9270	10.8570	1.0000	2	0	163	171	0.0000			true	sp|P24539|AT5F1_HUMAN		AT5F1_HUMAN	ATP5PB	ATP synthase F(0) complex subunit B1, mitochondrial		
14302		FASFIDK		K	V	7	2	3014.0215	826.4213	826.4223	414.2179	414.2184	826.4225	414.2185	-0.0001	0.04852886000000	13.7560	7.8590	0.9837	2	0	101	108	0.0000			false	sp|P05787|K2C8_HUMAN		K2C8_HUMAN	KRT8	Keratin, type II cytoskeletal 8	KRT1, KRT2, KRT3, KRT4, KRT5, KRT6A, KRT6B, KRT6C, KRT7, KRT71, KRT72, KRT73, KRT74, KRT75, KRT76, KRT77, KRT78, KRT79, KRT84	Contaminant_K22E_HUMAN, Contaminant_K2C1_HUMAN, sp|O95678|K2C75_HUMAN, sp|P02538|K2C6A_HUMAN, sp|P04259|K2C6B_HUMAN, sp|P04264|K2C1_HUMAN, sp|P08729|K2C7_HUMAN, sp|P12035|K2C3_HUMAN, sp|P13647|K2C5_HUMAN, sp|P19013|K2C4_HUMAN, sp|P35908|K22E_HUMAN, sp|P48668|K2C6C_HUMAN, sp|Q01546|K22O_HUMAN, sp|Q14CN4|K2C72_HUMAN, sp|Q3SY84|K2C71_HUMAN, sp|Q5XKE5|K2C79_HUMAN, sp|Q7RTS7|K2C74_HUMAN, sp|Q7Z794|K2C1B_HUMAN, sp|Q86Y46|K2C73_HUMAN, sp|Q8N1N4|K2C78_HUMAN, sp|Q9NSB2|KRT84_HUMAN
14305		IVLQIDNAR		R	L	9	2	3014.5628	1040.5963	1040.5972	521.3054	521.3059	1040.5978	521.3062	-0.0006	0.01034546000000	20.4410	12.1900	0.9985	2	0	150	159	0.0000			false	sp|P08727|K1C19_HUMAN		K1C19_HUMAN	KRT19	Keratin, type I cytoskeletal 19	KRT18	sp|P05783|K1C18_HUMAN
14324		PYQYPALTPEQK		M	K	12	2	3018.2112	1433.7195	1433.7179	717.8670	717.8662	1433.7190	717.8668	-0.0011	0.05245053000000	12.6210	0.0000	0.9799	2	0	1	13	0.0000			true	sp|P04075|ALDOA_HUMAN		ALDOA_HUMAN	ALDOA	Fructose-bisphosphate aldolase A		
14382		PYQYPALTPEQK		M	K	12	2	3029.0801	1434.7196	1434.7222	718.3671	718.3684	1433.7190	717.8668	1.0031	0.00073040060000	18.7570	8.4500	1.0000	2	0	1	13	0.0000			true	sp|P04075|ALDOA_HUMAN		ALDOA_HUMAN	ALDOA	Fructose-bisphosphate aldolase A		
14792		LMGSILGVR	LM[147]GSILGVR	R	R	9	2	3103.9005	960.5406	960.5411	481.2776	481.2778	960.5426	481.2786	-0.0014	0.00163876000000	16.1060	10.4270	1.0000	2	0	1804	1813	0.0000	2M(15.9949)		true	sp|Q15643|TRIPB_HUMAN		TRIPB_HUMAN	TRIP11	Thyroid receptor-interacting protein 11		
14905		SMSGYLSGFQAR	SM[147]SGYLSGFQAR	K	N	12	2	3124.7655	1318.5964	1318.5975	660.3055	660.3060	1318.5974	660.3060	0.0001	0.00212080100000	21.1940	10.0670	1.0000	2	0	257	269	0.0000	2M(15.9949)		true	sp|Q9NZM3|ITSN2_HUMAN		ITSN2_HUMAN	ITSN2	Intersectin-2		
14934		SMSGYLSGFQAR	SM[147]SGYLSGFQAR	K	N	12	2	3129.9271	1319.5989	1319.6011	660.8067	660.8078	1318.5974	660.3060	1.0036	0.01869605000000	16.4130	0.0000	0.9822	2	0	257	269	0.0000	2M(15.9949)		true	sp|Q9NZM3|ITSN2_HUMAN		ITSN2_HUMAN	ITSN2	Intersectin-2		
14947		AQIHDLVLVGGSTR		K	I	14	2	3132.1548	1464.8071	1464.8060	733.4108	733.4103	1464.8048	733.4097	0.0012	0.00720692400000	19.0690	0.0000	0.9994	2	0	328	342	0.0000			false	sp|P0DMV8|HS71A_HUMAN		HS71A_HUMAN	HSPA1A	Heat shock 70 kDa protein 1A	HSPA1B	sp|P0DMV9|HS71B_HUMAN
14952		YALYDATYETK		R	E	11	2	3133.1014	1336.6070	1336.6052	669.3108	669.3099	1336.6187	669.3166	-0.0134	0.00462115000000	17.8410	0.0000	0.9929	2	0	81	92	0.0000			false	sp|P23528|COF1_HUMAN		COF1_HUMAN	CFL1	Cofilin-1	CFL2	sp|Q9Y281|COF2_HUMAN
14999		TIFQGIAAK		K	V	9	2	3141.6875	947.5436	947.5443	474.7791	474.7794	947.5440	474.7793	0.0003	0.04592228000000	11.6180	7.9930	0.9849	2	0	154	163	0.0000			true	sp|P52209|6PGD_HUMAN		6PGD_HUMAN	PGD	6-phosphogluconate dehydrogenase, decarboxylating		
15046		HIANYISGIQTIGHR		K	V	15	3	3150.5168	1678.8857	1678.8930	560.6358	560.6383	1678.8903	560.6374	0.0026	0.00026016560000	22.8390	0.0000	1.0000	2	0	984	999	0.0000			true	sp|Q15393|SF3B3_HUMAN		SF3B3_HUMAN	SF3B3	Splicing factor 3B subunit 3		
15187		FGPGVAFR		R	A	8	2	3175.2095	849.4488	849.4498	425.7317	425.7322	849.4497	425.7321	0.0001	0.01480812000000	14.8180	6.7680	0.9971	2	0	24	32	0.0000			true	sp|P08727|K1C19_HUMAN		K1C19_HUMAN	KRT19	Keratin, type I cytoskeletal 19		
15616		TLVLLMGK	TLVLLM[147]GK	K	E	8	2	3253.7688	889.5292	889.5299	445.7719	445.7722	889.5306	445.7726	-0.0007	0.01373111000000	14.8690	8.9010	0.9965	2	0	108	116	0.0000	6M(15.9949)		true	sp|P07737|PROF1_HUMAN		PROF1_HUMAN	PFN1	Profilin-1		
15981		HYVYGPLPQSFDK		K	E	13	2	3322.9967	1549.7539	1549.7580	775.8842	775.8863	1549.7565	775.8855	0.0015	0.00401097600000	11.0870	0.0000	0.9999	2	0	122	135	0.0000			true	sp|P13073|COX41_HUMAN		COX41_HUMAN	COX4I1	Cytochrome c oxidase subunit 4 isoform 1, mitochondrial		
16018		TIIFVETK		K	R	8	2	3330.3344	949.5470	949.5491	475.7808	475.7818	949.5484	475.7815	0.0006	0.01459438000000	12.2200	8.0700	0.9971	2	0	420	428	0.0000			true	sp|Q92841|DDX17_HUMAN		DDX17_HUMAN	DDX17	Probable ATP-dependent RNA helicase DDX17		
16021		TTPSYVAFTDTER		R	L	13	2	3330.9306	1486.6937	1486.6957	744.3541	744.3551	1486.6938	744.3542	0.0018	0.04764310000000	13.7880	0.0000	0.9762	2	0	36	49	0.0000			false	sp|P0DMV8|HS71A_HUMAN		HS71A_HUMAN	HSPA1A	Heat shock 70 kDa protein 1A	HSPA1B, HSPA1L, HSPA2, HSPA6, HSPA7, HSPA8	sp|P0DMV9|HS71B_HUMAN, sp|P11142|HSP7C_HUMAN, sp|P17066|HSP76_HUMAN, sp|P34931|HS71L_HUMAN, sp|P48741|HSP77_HUMAN, sp|P54652|HSP72_HUMAN
16207		YGLIYHASLVGQTSPK		K	H	16	2	3367.5428	1732.9170	1732.9154	867.4658	867.4650	1732.9147	867.4646	0.0007	0.00117692900000	21.2170	0.0000	1.0000	2	0	337	353	0.0000			true	sp|Q9Y2X3|NOP58_HUMAN		NOP58_HUMAN	NOP58	Nucleolar protein 58		
16216		HQTLQGVAFPISR		K	E	13	2	3369.2567	1452.7795	1452.7840	727.3970	727.3993	1452.7837	727.3991	0.0003	0.00249172500000	21.9140	0.0000	1.0000	2	0	171	184	0.0000			true	sp|Q12792|TWF1_HUMAN		TWF1_HUMAN	TWF1	Twinfilin-1		
16222		YGLIYHASLVGQTSPK		K	H	16	3	3370.4043	1732.9148	1732.9163	578.6455	578.6460	1732.9147	578.6455	0.0015	0.00000000017292	31.6210	8.7630	1.0000	2	0	337	353	0.0000			true	sp|Q9Y2X3|NOP58_HUMAN		NOP58_HUMAN	NOP58	Nucleolar protein 58		
16303		LNITSLQFKR		K	S	10	2	3386.3793	1218.7080	1218.7092	610.3613	610.3619	1218.7084	610.3615	0.0008	0.09677205000000	13.5570	7.5420	0.9615	2	0	197	207	0.0000			true	sp|Q3B726|RPA43_HUMAN		RPA43_HUMAN	TWISTNB	DNA-directed RNA polymerase I subunit RPA43		
16537		TGPNLHGLFGR		K	K	11	2	3431.4379	1167.6133	1167.6130	584.8139	584.8138	1167.6147	584.8146	-0.0017	0.00020440910000	23.2580	7.5460	1.0000	2	0	28	39	0.0000			true	sp|P99999|CYC_HUMAN		CYC_HUMAN	CYCS	Cytochrome c		
16657		LSELEAALQR		K	A	10	2	3454.9615	1128.6115	1128.6141	565.3130	565.3143	1128.6138	565.3142	0.0003	0.00002080619000	23.7340	10.4340	1.0000	2	0	352	362	0.0000			true	sp|P05787|K2C8_HUMAN		K2C8_HUMAN	KRT8	Keratin, type II cytoskeletal 8		
16678		AGIAHLYGIAGSTNVTGDQVK		K	K	21	3	3459.1235	2072.0693	2072.0745	691.6970	691.6988	2071.0698	691.3639	1.0046	0.00002665323000	27.7970	18.0670	1.0000	2	0	51	72	0.0000			true	sp|P09467|F16P1_HUMAN		F16P1_HUMAN	FBP1	Fructose-1,6-bisphosphatase 1		
16682		AGIAHLYGIAGSTNVTGDQVK		K	K	21	3	3459.8898	2071.0627	2071.0706	691.3615	691.3641	2071.0698	691.3639	0.0007	0.00005937945000	18.3150	10.2340	1.0000	2	0	51	72	0.0000			true	sp|P09467|F16P1_HUMAN		F16P1_HUMAN	FBP1	Fructose-1,6-bisphosphatase 1		
17049		TSILAAANPISGHYDR		R	S	16	2	3527.8608	1684.8472	1684.8499	843.4309	843.4322	1684.8531	843.4338	-0.0033	0.01685582000000	8.5930	0.0000	0.9799	2	0	496	512	0.0000			true	sp|Q14566|MCM6_HUMAN		MCM6_HUMAN	MCM6	DNA replication licensing factor MCM6		
17062		MVGFIIGR	M[147]VGFIIGR	G	G	8	2	3530.4483	907.4936	907.4946	454.7541	454.7546	907.4949	454.7547	-0.0003	0.00000513481000	19.2310	7.9620	1.0000	1	0	110	118	0.0000	1M(15.9949)		false	sp|Q96AE4|FUBP1_HUMAN		FUBP1_HUMAN	FUBP1	Far upstream element-binding protein 1	FUBP3	sp|Q96I24|FUBP3_HUMAN
17082		THSDQFLVAFK		R	E	11	2	3534.2278	1291.6554	1291.6571	646.8350	646.8358	1291.6560	646.8353	0.0011	0.00859013600000	16.7640	7.9410	0.9990	2	0	143	154	0.0000			true	sp|P36542|ATPG_HUMAN		ATPG_HUMAN	ATP5F1C	ATP synthase subunit gamma, mitochondrial		
17197		QLLAGGIAGAVSR		R	T	13	2	3556.8159	1211.6982	1211.6985	606.8564	606.8565	1211.6985	606.8565	0.0000	0.00006778370000	24.7830	13.0410	1.0000	2	0	196	209	0.0000			true	sp|Q6NUK1|SCMC1_HUMAN		SCMC1_HUMAN	SLC25A24	Calcium-binding mitochondrial carrier protein SCaMC-1		
17223		TLMNLGGLAVAR	TLM[147]NLGGLAVAR	R	D	12	2	3562.1214	1230.6732	1230.6749	616.3439	616.3447	1230.6753	616.3449	-0.0003	0.00000006188103	25.4110	8.6240	1.0000	2	0	127	139	0.0000	3M(15.9949)		true	sp|P37802|TAGL2_HUMAN		TAGL2_HUMAN	TAGLN2	Transgelin-2		
17434		GGIVGMTLPIAR	GGIVGM[147]TLPIAR	K	D	12	2	3602.8576	1199.6693	1199.6694	600.8419	600.8420	1199.6696	600.8421	-0.0001	0.00824113600000	20.9740	9.8960	0.9991	2	0	172	184	0.0000	6M(15.9949)		true	sp|Q99714|HCD2_HUMAN		HCD2_HUMAN	HSD17B10	3-hydroxyacyl-CoA dehydrogenase type-2		
18491		VIGTLLGTVDK		R	H	11	2	3795.0774	1114.6580	1114.6587	558.3363	558.3366	1114.6597	558.3371	-0.0009	0.00001208288000	18.9440	9.4220	1.0000	2	0	115	126	0.0000			true	sp|O00303|EIF3F_HUMAN		EIF3F_HUMAN	EIF3F	Eukaryotic translation initiation factor 3 subunit F		
18527		HGLINFGIYK		R	R	10	2	3801.7884	1160.6328	1160.6340	581.3237	581.3243	1160.6342	581.3244	-0.0001	0.00140876600000	18.2780	10.9670	1.0000	2	0	258	268	0.0000			true	sp|O60341|KDM1A_HUMAN		KDM1A_HUMAN	KDM1A	Lysine-specific histone demethylase 1A		
18544		KDLYANTVLSGGTTMYPGIADR	KDLYANTVLSGGTTM[147]YPGIADR	R	M	22	3	3805.0733	2358.1420	2358.1533	787.0546	787.0584	2358.1523	787.0580	0.0009	0.00393549900000	17.1200	0.0000	0.9999	2	0	290	312	0.0000	15M(15.9949)		false	sp|P60709|ACTB_HUMAN		ACTB_HUMAN	ACTB	Actin, cytoplasmic 1	ACTG1	sp|P63261|ACTG_HUMAN
18555		KDLYANTVLSGGTTMYPGIADR	KDLYANTVLSGGTTM[147]YPGIADR	R	M	22	3	3807.0133	2359.1530	2359.1555	787.3916	787.3924	2358.1523	787.0580	1.0031	0.00000000000000	40.1030	8.2400	1.0000	2	0	290	312	0.0000	15M(15.9949)		false	sp|P60709|ACTB_HUMAN		ACTB_HUMAN	ACTB	Actin, cytoplasmic 1	ACTG1	sp|P63261|ACTG_HUMAN
18704		VPDGMVGLIIGR	VPDGM[147]VGLIIGR	R	G	12	2	3834.5130	1241.6798	1241.6792	621.8472	621.8469	1241.6800	621.8473	-0.0008	0.00002286211000	21.1070	10.3530	1.0000	2	0	150	162	0.0000	5M(15.9949)		true	sp|Q92945|FUBP2_HUMAN		FUBP2_HUMAN	KHSRP	Far upstream element-binding protein 2		
18761		LGFVAGVINR		R	E	10	2	3844.9182	1044.6055	1044.6078	523.3100	523.3112	1044.6079	523.3112	-0.0001	0.00000583459400	22.4850	9.1960	1.0000	2	0	167	177	0.0000			true	sp|Q93050|VPP1_HUMAN		VPP1_HUMAN	ATP6V0A1	V-type proton ATPase 116 kDa subunit a isoform 1		
18990		LLLPGELAK		R	H	9	2	3888.4396	952.5944	952.5951	477.3045	477.3049	952.5956	477.3051	-0.0004	0.04283020000000	19.9730	13.9820	0.9863	2	0	100	109	0.0000			false	sp|O60814|H2B1K_HUMAN		H2B1K_HUMAN	H2BC12	Histone H2B type 1-K	H2BC1, H2BC11, H2BC13, H2BC14, H2BC15, H2BC4, H2BFS, HIST1H2BB, HIST1H2BD, HIST1H2BH, HIST1H2BO, HIST2H2BE, HIST2H2BF, HIST3H2BB	sp|P06899|H2B1J_HUMAN, sp|P23527|H2B1O_HUMAN, sp|P33778|H2B1B_HUMAN, sp|P57053|H2BFS_HUMAN, sp|P58876|H2B1D_HUMAN, sp|P62807|H2B1C_HUMAN, sp|Q16778|H2B2E_HUMAN, sp|Q5QNW6|H2B2F_HUMAN, sp|Q8N257|H2B3B_HUMAN, sp|Q93079|H2B1H_HUMAN, sp|Q96A08|H2B1A_HUMAN, sp|Q99877|H2B1N_HUMAN, sp|Q99879|H2B1M_HUMAN, sp|Q99880|H2B1L_HUMAN
19023		TEIIILATR		R	T	9	2	3894.9316	1028.6215	1028.6223	515.3180	515.3184	1028.6229	515.3187	-0.0006	0.00015176890000	24.3850	11.4240	1.0000	2	0	45	54	0.0000			true	sp|P23396|RS3_HUMAN		RS3_HUMAN	RPS3	40S ribosomal protein S3		
19136		TAGTLFGEGFR		R	A	11	2	3917.3877	1154.5691	1154.5719	578.2918	578.2932	1154.5719	578.2932	0.0000	0.01158110000000	17.2450	0.0000	0.9981	2	0	227	238	0.0000			false	sp|Q5T9A4|ATD3B_HUMAN		ATD3B_HUMAN	ATAD3B	ATPase family AAA domain-containing protein 3B	ATAD3A	sp|Q9NVI7|ATD3A_HUMAN
19157		TPFLLSGTSYK		R	D	11	2	3921.6879	1212.6385	1212.6388	607.3265	607.3267	1212.6389	607.3267	-0.0001	0.00010040380000	25.4930	0.0000	1.0000	2	0	61	72	0.0000			true	sp|P55084|ECHB_HUMAN		ECHB_HUMAN	HADHB	Trifunctional enzyme subunit beta, mitochondrial		
19224		TILPAAAQDVYYR		K	D	13	2	3934.8834	1479.7704	1479.7744	740.8925	740.8945	1479.7721	740.8933	0.0023	0.00089279110000	20.6970	0.0000	1.0000	2	0	281	294	0.0000			true	sp|P04843|RPN1_HUMAN		RPN1_HUMAN	RPN1	Dolichyl-diphosphooligosaccharide--protein glycosyltransferase subunit 1		
19712		LLIHQSLAGGIIGVK		R	G	15	2	4033.9705	1517.9260	1517.9298	759.9703	759.9722	1517.9292	759.9719	0.0006	0.00860498400000	15.7610	10.8130	0.9990	2	0	148	163	0.0000			true	sp|P61978|HNRPK_HUMAN		HNRPK_HUMAN	HNRNPK	Heterogeneous nuclear ribonucleoprotein K		
19731		LLIHQSLAGGIIGVK		R	G	15	2	4037.5992	1518.9299	1518.9325	760.4722	760.4735	1517.9292	759.9719	1.0033	0.00048809000000	22.7460	0.0000	1.0000	2	0	148	163	0.0000			true	sp|P61978|HNRPK_HUMAN		HNRPK_HUMAN	HNRNPK	Heterogeneous nuclear ribonucleoprotein K		
19889		TSIAIDTIINQK		K	R	12	2	4067.9192	1315.7346	1315.7350	658.8746	658.8748	1315.7346	658.8746	0.0003	0.00000543507000	23.4300	10.1850	1.0000	2	0	218	230	0.0000			true	sp|P25705|ATPA_HUMAN		ATPA_HUMAN	ATP5F1A	ATP synthase subunit alpha, mitochondrial		
19908		VPDGMVGFIIGR	VPDGM[147]VGFIIGR	K	G	12	2	4071.9067	1275.6633	1275.6642	638.8389	638.8394	1275.6644	638.8395	-0.0002	0.00000000143344	23.0750	9.1800	1.0000	2	0	106	118	0.0000	5M(15.9949)		true	sp|Q96AE4|FUBP1_HUMAN		FUBP1_HUMAN	FUBP1	Far upstream element-binding protein 1		
20106		SIVHPSYNSNTLNNDIMLIK	SIVHPSYNSNTLNNDIM[147]LIK	K	L	20	3	4112.0142	2288.1430	2288.1482	763.7216	763.7233	2288.1470	763.7229	0.0012	0.00000404344800	22.5200	10.4870	1.0000	2	0	75	95	0.0000	17M(15.9949)		true	Contaminant_TRYP_BOVIN						
20124		TVTAMDVVYALK	TVTAM[147]DVVYALK	K	R	12	2	4115.3764	1325.6873	1325.6870	663.8509	663.8508	1325.6900	663.8523	-0.0029	0.00000152463600	19.2850	8.7560	1.0000	2	0	80	92	0.0000	5M(15.9949)		true	sp|P62805|H4_HUMAN		H4_HUMAN	H4C1	Histone H4		
20208		SDIGEVILVGGMTR	SDIGEVILVGGM[147]TR	K	M	14	2	4132.2725	1461.7482	1461.7500	731.8814	731.8823	1461.7496	731.8821	0.0003	0.02786121000000	15.7200	0.0000	0.9925	2	0	377	391	0.0000	12M(15.9949)		true	sp|P38646|GRP75_HUMAN		GRP75_HUMAN	HSPA9	Stress-70 protein, mitochondrial		
20213		KQSLGELIGTLNAAK		R	V	15	3	4133.3286	1541.8744	1541.8779	514.9654	514.9666	1541.8776	514.9665	0.0003	0.00000768316800	23.9320	10.6480	1.0000	2	0	55	70	0.0000			true	sp|P60174|TPIS_HUMAN		TPIS_HUMAN	TPI1	Triosephosphate isomerase		
20470		TVTAMDVVYALK	TVTAM[147]DVVYALK	K	R	12	2	4185.4083	1325.6897	1325.6902	663.8521	663.8524	1325.6900	663.8523	0.0002	0.00003830771000	20.9960	8.4570	1.0000	2	0	80	92	0.0000	5M(15.9949)		true	sp|P62805|H4_HUMAN		H4_HUMAN	H4C1	Histone H4		
20522		FAVGIVIGR		R	N	9	2	4196.6139	930.5634	930.5648	466.2890	466.2897	930.5651	466.2898	-0.0002	0.00001583802000	20.9820	7.5080	1.0000	2	0	284	293	0.0000			false	sp|Q96AE4|FUBP1_HUMAN		FUBP1_HUMAN	FUBP1	Far upstream element-binding protein 1	FUBP3	sp|Q96I24|FUBP3_HUMAN
20718		LMSALLSGLTDR	LM[147]SALLSGLTDR	K	N	12	2	4236.5955	1291.6813	1291.6830	646.8479	646.8488	1291.6804	646.8475	0.0025	0.00013379810000	20.5520	13.0720	1.0000	2	0	1400	1412	0.0000	2M(15.9949)		true	sp|Q5VYK3|ECM29_HUMAN		ECM29_HUMAN	ECPAS	Proteasome adapter and scaffold protein ECM29		
20772		LMSALLSGLTDR	LM[147]SALLSGLTDR	K	N	12	2	4247.5415	1291.6794	1291.6814	646.8470	646.8480	1291.6804	646.8475	0.0009	0.00030011470000	21.9540	12.4440	1.0000	2	0	1400	1412	0.0000	2M(15.9949)		true	sp|Q5VYK3|ECM29_HUMAN		ECM29_HUMAN	ECPAS	Proteasome adapter and scaffold protein ECM29		
20867		TFIAIKPDGVQR		R	G	12	2	4268.4961	1343.7528	1343.7571	672.8837	672.8858	1343.7560	672.8853	0.0011	0.00477254500000	17.7850	7.6330	0.9985	2	1	6	18	0.0000			false	sp|P15531|NDKA_HUMAN		NDKA_HUMAN	NME1	Nucleoside diphosphate kinase A	NME2	sp|P22392|NDKB_HUMAN
21056		TVTATFGYPFR		K	L	11	2	4306.0268	1258.6296	1258.6239	630.3221	630.3192	1258.6345	630.3245	-0.0106	0.00635696500000	18.2870	0.0000	0.9803	2	0	72	83	0.0000			true	sp|Q16563|SYPL1_HUMAN		SYPL1_HUMAN	SYPL1	Synaptophysin-like protein 1		
21059		TVTATFGYPFR		K	L	11	2	4306.6223	1259.6367	1259.6399	630.8256	630.8272	1258.6345	630.3245	1.0053	0.00020144020000	20.6660	0.0000	1.0000	2	0	72	83	0.0000			true	sp|Q16563|SYPL1_HUMAN		SYPL1_HUMAN	SYPL1	Synaptophysin-like protein 1		
21068		VSLDVNHFAPDELTVK		R	T	16	2	4308.2565	1782.9064	1782.9131	892.4605	892.4638	1782.9152	892.4649	-0.0020	0.00275740200000	11.7380	0.0000	1.0000	2	0	96	112	0.0000			true	sp|P04792|HSPB1_HUMAN		HSPB1_HUMAN	HSPB1	Heat shock protein beta-1		
21090		VSLDVNHFAPDELTVK		R	T	16	3	4312.6387	1782.9109	1782.9150	595.3109	595.3123	1782.9152	595.3123	-0.0001	0.00000000006638	31.2320	12.3860	1.0000	2	0	96	112	0.0000			true	sp|P04792|HSPB1_HUMAN		HSPB1_HUMAN	HSPB1	Heat shock protein beta-1		
21133		IMFVDPSLTVR	IM[147]FVDPSLTVR	R	A	11	2	4320.7095	1292.6808	1292.6816	647.3477	647.3481	1292.6797	647.3471	0.0019	0.03491403000000	13.3280	0.0000	0.9732	2	0	127	138	0.0000	2M(15.9949)		false	sp|O95994|AGR2_HUMAN		AGR2_HUMAN	AGR2	Anterior gradient protein 2 homolog	AGR3	sp|Q8TD06|AGR3_HUMAN
21150		IMFVDPSLTVR	IM[147]FVDPSLTVR	R	A	11	2	4324.1039	1293.6824	1293.6842	647.8485	647.8494	1292.6797	647.3471	1.0045	0.00724372100000	14.0130	7.1140	0.9953	2	0	127	138	0.0000	2M(15.9949)		false	sp|O95994|AGR2_HUMAN		AGR2_HUMAN	AGR2	Anterior gradient protein 2 homolog	AGR3	sp|Q8TD06|AGR3_HUMAN
21190		LGFVSGLINQGK		K	V	12	2	4332.0053	1231.6910	1231.6930	616.8528	616.8538	1231.6924	616.8535	0.0006	0.00026161960000	16.1420	7.9350	1.0000	2	0	172	184	0.0000			true	sp|Q9Y487|VPP2_HUMAN		VPP2_HUMAN	ATP6V0A2	V-type proton ATPase 116 kDa subunit a isoform 2		
21321		QAQEYEALLNIK		R	V	12	2	4357.5311	1418.7406	1418.7416	710.3776	710.3781	1418.7405	710.3775	0.0011	0.00002324041000	24.7000	11.0810	1.0000	2	0	358	370	0.0000			true	sp|P05783|K1C18_HUMAN		K1C18_HUMAN	KRT18	Keratin, type I cytoskeletal 18		
21373		VSFELFADKVPK		R	T	12	2	4367.8999	1378.7380	1378.7351	690.3763	690.3748	1378.7495	690.3820	-0.0144	0.00003863372000	21.4850	11.8350	1.0000	2	1	19	31	0.0000			true	sp|P62937|PPIA_HUMAN		PPIA_HUMAN	PPIA	Peptidyl-prolyl cis-trans isomerase A		
21535		QHNSGPNSKPVVSFIAGLTAPPGR		K	R	24	3	4397.9544	2430.2698	2430.2793	811.0972	811.1004	2430.2766	811.0995	0.0026	0.00001000576000	28.4990	0.0000	1.0000	2	1	271	295	0.0000			true	sp|P53597|SUCA_HUMAN		SUCA_HUMAN	SUCLG1	Succinate--CoA ligase [ADP/GDP-forming] subunit alpha, mitochondrial		
21543		TLQIFNIEMK	TLQIFNIEM[147]K	K	S	10	2	4399.4115	1251.6520	1251.6543	626.8333	626.8344	1251.6532	626.8339	0.0011	0.11919280000000	11.1950	0.0000	0.9516	2	0	86	96	0.0000	9M(15.9949)		false	sp|Q00610|CLH1_HUMAN		CLH1_HUMAN	CLTC	Clathrin heavy chain 1	CLTCL1	sp|P53675|CLH2_HUMAN
21578		QHNSGPNSKPVVSFIAGLTAPPGR		K	R	24	3	4406.0248	2431.2754	2431.2817	811.4324	811.4345	2430.2766	811.0995	1.0051	0.00000417830200	30.0160	0.0000	1.0000	2	1	271	295	0.0000			true	sp|P53597|SUCA_HUMAN		SUCA_HUMAN	SUCLG1	Succinate--CoA ligase [ADP/GDP-forming] subunit alpha, mitochondrial		
21985		DMIILPEMVGSMVGVYNGK	DM[147]IILPEM[147]VGSM[147]VGVYNGK	R	T	19	2	4483.6130	2100.9950	2100.9976	1051.5048	1051.5061	2099.9940	1051.0043	1.0036	0.00500610700000	10.7020	0.0000	0.9991	2	0	81	100	0.0000	12M(15.9949), 2M(15.9949), 8M(15.9949)		true	sp|P62841|RS15_HUMAN		RS15_HUMAN	RPS15	40S ribosomal protein S15		
21988		ILIVGGGVAGLASAGAAK		K	S	18	2	4484.0941	1523.9017	1523.9047	762.9581	762.9596	1523.9034	762.9590	0.0012	0.00002098940000	28.2120	9.2820	1.0000	2	0	229	247	0.0000			true	sp|Q13423|NNTM_HUMAN		NNTM_HUMAN	NNT	NAD(P) transhydrogenase, mitochondrial		
21991		DMIILPEMVGSMVGVYNGK	DM[147]IILPEM[147]VGSM[147]VGVYNGK	R	T	19	2	4484.6883	2099.9854	2099.9954	1051.0000	1051.0050	2099.9940	1051.0043	0.0014	0.00977800100000	13.5390	0.0000	0.9986	2	0	81	100	0.0000	12M(15.9949), 2M(15.9949), 8M(15.9949)		true	sp|P62841|RS15_HUMAN		RS15_HUMAN	RPS15	40S ribosomal protein S15		
22067		TLYFADTYLK		R	D	10	2	4499.9835	1233.6335	1233.6458	617.8240	617.8302	1233.6280	617.8213	0.0177	0.00148369100000	16.0140	0.0000	1.0000	2	0	714	724	0.0000			true	sp|Q6P1M3|L2GL2_HUMAN		L2GL2_HUMAN	LLGL2	LLGL scribble cell polarity complex component 2		
22150		GGYVLHIGTIYGDLK		R	V	15	2	4515.9421	1604.8546	1604.8570	803.4346	803.4358	1604.8562	803.4354	0.0008	0.00046505040000	22.8300	11.0110	1.0000	2	0	569	584	0.0000			true	sp|P49588|SYAC_HUMAN		SYAC_HUMAN	AARS	Alanine--tRNA ligase, cytoplasmic		
22245		MSGLIVGSAFGPIK	M[147]SGLIVGSAFGPIK	K	I	14	2	4534.2522	1391.7429	1391.7471	696.8787	696.8808	1391.7482	696.8814	-0.0011	0.00000773125200	31.9470	11.3300	1.0000	2	0	327	341	0.0000	1M(15.9949)		true	sp|Q9UKN8|TF3C4_HUMAN		TF3C4_HUMAN	GTF3C4	General transcription factor 3C polypeptide 4		
22271		AGGFVVGYTSSGNPIFR		K	N	17	2	4539.4363	1727.8658	1727.8639	864.9402	864.9392	1727.8630	864.9388	0.0008	0.00006831245000	26.1620	0.0000	1.0000	2	0	745	762	0.0000			true	sp|Q9HAV4|XPO5_HUMAN		XPO5_HUMAN	XPO5	Exportin-5		
22282		TFAPEEISAMVLTK	TFAPEEISAM[147]VLTK	K	M	14	2	4541.4285	1551.7886	1551.7867	776.9016	776.9006	1551.7853	776.8999	0.0014	0.00003873134000	16.8890	8.8900	1.0000	2	0	138	152	0.0000	10M(15.9949)		true	sp|P11021|BIP_HUMAN		BIP_HUMAN	HSPA5	Endoplasmic reticulum chaperone BiP		
22338		TFAPEEISAMVLTK	TFAPEEISAM[147]VLTK	K	M	14	2	4552.1846	1552.7888	1552.7913	777.4017	777.4029	1551.7853	776.8999	1.0059	0.00443825000000	17.0900	8.5600	0.9963	2	0	138	152	0.0000	10M(15.9949)		true	sp|P11021|BIP_HUMAN		BIP_HUMAN	HSPA5	Endoplasmic reticulum chaperone BiP		
22643		SYLYFTQFK		K	A	9	2	4611.5273	1195.5874	1195.5902	598.8010	598.8024	1195.5913	598.8029	-0.0011	0.07383289000000	13.0270	0.0000	0.9615	2	0	100	109	0.0000			true	sp|Q969H8|MYDGF_HUMAN		MYDGF_HUMAN	MYDGF	Myeloid-derived growth factor		
22819		SNMDNMFESYINNLR	SNM[147]DNM[147]FESYINNLR	R	R	15	2	4644.8758	1878.8057	1878.7874	940.4101	940.4010	1878.7875	940.4010	-0.0001	0.00019076550000	23.3780	0.0000	1.0000	2	0	133	148	0.0000	3M(15.9949), 6M(15.9949)		true	sp|P05787|K2C8_HUMAN		K2C8_HUMAN	KRT8	Keratin, type II cytoskeletal 8		
22822		SNMDNMFESYINNLR	SNM[147]DNM[147]FESYINNLR	R	R	15	2	4645.4778	1878.7856	1878.7872	940.4001	940.4009	1878.7875	940.4010	-0.0002	0.00066680660000	19.2040	0.0000	1.0000	2	0	133	148	0.0000	3M(15.9949), 6M(15.9949)		true	sp|P05787|K2C8_HUMAN		K2C8_HUMAN	KRT8	Keratin, type II cytoskeletal 8		
22852		TGLIDYNQLALTAR		K	L	14	2	4651.4410	1547.8304	1547.8329	774.9225	774.9237	1547.8307	774.9226	0.0022	0.00051079900000	23.6670	9.7140	1.0000	2	0	200	214	0.0000			true	sp|P34897|GLYM_HUMAN		GLYM_HUMAN	SHMT2	Serine hydroxymethyltransferase, mitochondrial		
23014		YILVTGGVISGIGK		K	G	14	2	4681.2030	1375.8055	1375.8079	688.9100	688.9112	1375.8074	688.9110	0.0004	0.00000058741940	28.0650	10.8020	1.0000	2	0	2	16	0.0000			false	sp|P17812|PYRG1_HUMAN		PYRG1_HUMAN	CTPS1	CTP synthase 1	CTPS2	sp|Q9NRF8|PYRG2_HUMAN
23406		VGSHITGGDIYGIVSENSLIK		R	H	21	3	4757.6949	2158.1230	2158.1260	720.3816	720.3826	2158.1270	720.3829	-0.0009	0.02577805000000	12.8550	0.0000	0.9790	2	0	142	163	0.0000			true	sp|P38606|VATA_HUMAN		VATA_HUMAN	ATP6V1A	V-type proton ATPase catalytic subunit A		
23552		SSGPTSLFAVTVAPPGAR		K	Q	18	2	4785.6834	1713.9019	1713.9054	857.9582	857.9600	1713.9049	857.9597	0.0004	0.01588548000000	16.6960	0.0000	0.9967	2	0	186	204	0.0000			true	sp|Q00839|HNRPU_HUMAN		HNRPU_HUMAN	HNRNPU	Heterogeneous nuclear ribonucleoprotein U		
23565		IFGLLMGTLQK	IFGLLM[147]GTLQK	R	F	11	2	4788.0794	1235.6925	1235.6946	618.8535	618.8546	1235.6947	618.8546	-0.0001	0.00000000002364	21.2030	9.8550	1.0000	2	0	144	155	0.0000	6M(15.9949)		true	sp|Q9H307|PININ_HUMAN		PININ_HUMAN	PNN	Pinin		
23585		IFGLLMGTLQK	IFGLLM[147]GTLQK	R	F	11	2	4791.9493	1235.6929	1235.6945	618.8537	618.8545	1235.6947	618.8546	-0.0002	0.00000001802485	22.1240	9.6420	1.0000	2	0	144	155	0.0000	6M(15.9949)		true	sp|Q9H307|PININ_HUMAN		PININ_HUMAN	PNN	Pinin		
24040		TAVETAVLLLR		K	I	11	2	4877.1519	1184.7097	1184.7137	593.3621	593.3641	1184.7128	593.3637	0.0009	0.00001114568000	24.2550	12.4470	1.0000	2	0	507	518	0.0000			true	sp|P49368|TCPG_HUMAN		TCPG_HUMAN	CCT3	T-complex protein 1 subunit gamma		
24449		GLSSLLYGSIPK		R	A	12	2	4954.7328	1233.6946	1233.6940	617.8546	617.8543	1233.6968	617.8557	-0.0028	0.00000492063900	18.1960	7.4550	1.0000	2	0	85	97	0.0000			true	sp|P53007|TXTP_HUMAN		TXTP_HUMAN	SLC25A1	Tricarboxylate transport protein, mitochondrial		
24601		TLVLLDNLNVR		R	E	11	2	4981.9148	1268.7437	1268.7461	635.3791	635.3803	1268.7451	635.3798	0.0009	0.00078749850000	22.9150	9.1370	1.0000	2	0	46	57	0.0000			true	sp|P39656|OST48_HUMAN		OST48_HUMAN	DDOST	Dolichyl-diphosphooligosaccharide--protein glycosyltransferase 48 kDa subunit		
24993		QSLGELIGTLNAAK		K	V	14	2	5056.1082	1413.7815	1413.7831	707.8980	707.8988	1413.7826	707.8986	0.0004	0.00000000146213	30.5790	9.7170	1.0000	2	0	56	70	0.0000			true	sp|P60174|TPIS_HUMAN		TPIS_HUMAN	TPI1	Triosephosphate isomerase		
25870		TATESFASDPILYRPVAVALDTK		R	G	23	3	5215.0401	2465.2847	2465.2888	822.7688	822.7702	2464.2850	822.4356	1.0039	0.00254252000000	18.1940	9.9880	0.9999	2	1	92	115	0.0000			true	sp|P14618|KPYM_HUMAN		KPYM_HUMAN	PKM	Pyruvate kinase PKM		
25878		TATESFASDPILYRPVAVALDTK		R	G	23	3	5216.4120	2464.2869	2464.2890	822.4362	822.4369	2464.2850	822.4356	0.0041	0.01136972000000	17.2770	0.0000	0.9656	2	1	92	115	0.0000			true	sp|P14618|KPYM_HUMAN		KPYM_HUMAN	PKM	Pyruvate kinase PKM		
26096		TVAGQDAVIVLLGTR		K	N	15	2	5254.7346	1511.8661	1511.8670	756.9403	756.9408	1511.8671	756.9408	-0.0001	0.00000000040753	28.1510	0.0000	1.0000	2	0	63	78	0.0000			true	sp|P30043|BLVRB_HUMAN		BLVRB_HUMAN	BLVRB	Flavin reductase (NADPH)		
26118		PVVSFIAGLTAPPGR		K	R	15	2	5258.8687	1480.8400	1480.8416	741.4273	741.4281	1480.8401	741.4273	0.0014	0.00000248027500	32.9220	8.1400	1.0000	2	0	280	295	0.0000			true	sp|P53597|SUCA_HUMAN		SUCA_HUMAN	SUCLG1	Succinate--CoA ligase [ADP/GDP-forming] subunit alpha, mitochondrial		
26165		TVAGQDAVIVLLGTR		K	N	15	2	5267.6244	1512.8702	1512.8694	757.4424	757.4420	1511.8671	756.9408	1.0023	0.00014919350000	25.8050	10.0310	1.0000	2	0	63	78	0.0000			true	sp|P30043|BLVRB_HUMAN		BLVRB_HUMAN	BLVRB	Flavin reductase (NADPH)		
26462		TLVYGGIFLYPANK		R	K	14	2	5321.8579	1554.8427	1554.8407	778.4286	778.4276	1554.8445	778.4295	-0.0037	0.00305378200000	21.0660	8.0470	0.9997	2	0	255	269	0.0000			true	sp|P09467|F16P1_HUMAN		F16P1_HUMAN	FBP1	Fructose-1,6-bisphosphatase 1		
26770		TGALLLQGFIQDR		K	A	13	2	5379.1370	1430.7646	1430.7750	716.3896	716.3948	1430.7881	716.4013	-0.0130	0.00088104920000	22.7200	15.4220	1.0000	2	0	21	34	0.0000			true	sp|Q07812|BAX_HUMAN		BAX_HUMAN	BAX	Apoptosis regulator BAX		
26895		LVINGNPITIFQER		K	D	14	2	5400.9764	1612.8918	1612.8950	807.4532	807.4548	1612.8936	807.4541	0.0014	0.00010375280000	24.4360	0.0000	1.0000	2	0	66	80	0.0000			true	sp|P04406|G3P_HUMAN		G3P_HUMAN	GAPDH	Glyceraldehyde-3-phosphate dehydrogenase		
27297		MGVITVSGLAGLVSAR	M[147]GVITVSGLAGLVSAR	K	K	16	2	5472.3468	1545.8516	1545.8552	773.9331	773.9349	1545.8547	773.9346	0.0004	0.00000973868000	27.5460	0.0000	1.0000	2	0	114	130	0.0000	1M(15.9949)		true	sp|Q6UXV4|MIC27_HUMAN		MIC27_HUMAN	APOOL	MIC		
27314		TINLYPLTNYTFGTK		R	E	15	2	5475.2412	1744.9021	1744.9053	873.4583	873.4599	1744.9036	873.4591	0.0017	0.00447455600000	10.8970	0.0000	0.9999	2	0	35	50	0.0000			true	sp|O43809|CPSF5_HUMAN		CPSF5_HUMAN	NUDT21	Cleavage and polyadenylation specificity factor subunit 5		
27377		TSFFQALGITTK		K	I	12	2	5486.7146	1312.6981	1312.7026	657.3563	657.3586	1312.7026	657.3586	0.0000	0.00000000008052	24.0580	8.9610	1.0000	2	0	134	146	0.0000			false	sp|P05388|RLA0_HUMAN		RLA0_HUMAN	RPLP0	60S acidic ribosomal protein P0	RPLP0P6	sp|Q8NHW5|RLA0L_HUMAN
27770		VALTGLTVAEYFR		R	D	13	2	5556.8903	1438.7805	1438.7812	720.3975	720.3979	1438.7819	720.3982	-0.0006	0.00000007463254	33.8620	11.4100	1.0000	2	0	281	294	0.0000			true	sp|P06576|ATPB_HUMAN		ATPB_HUMAN	ATP5F1B	ATP synthase subunit beta, mitochondrial		
27791		TLQGLEIELQSQLSMK	TLQGLEIELQSQLSM[147]K	R	A	16	3	5560.5675	1832.9526	1832.9563	611.9915	611.9927	1832.9552	611.9923	0.0011	0.00000023094890	19.8730	13.6690	1.0000	2	0	301	317	0.0000	15M(15.9949)		false	sp|P08727|K1C19_HUMAN		K1C19_HUMAN	KRT19	Keratin, type I cytoskeletal 19	KRT13	sp|P13646|K1C13_HUMAN
27840		VALTGLTVAEYFR		R	D	13	2	5569.3259	1439.7840	1439.7844	720.8993	720.8995	1438.7819	720.3982	1.0025	0.00147958100000	22.1490	10.7730	1.0000	2	0	281	294	0.0000			true	sp|P06576|ATPB_HUMAN		ATPB_HUMAN	ATP5F1B	ATP synthase subunit beta, mitochondrial		
28020		IILDLISESPIK		K	G	12	2	5602.9518	1339.7972	1339.7966	670.9059	670.9056	1339.7961	670.9053	0.0004	0.00000749056900	23.2320	9.7750	1.0000	2	0	207	219	0.0000			true	sp|P61978|HNRPK_HUMAN		HNRPK_HUMAN	HNRNPK	Heterogeneous nuclear ribonucleoprotein K		
28053		TFVNITPAEVGVLVGK		K	D	16	2	5608.8020	1642.9333	1642.9308	822.4739	822.4727	1642.9293	822.4719	0.0014	0.01303917000000	15.0390	0.0000	0.9976	2	0	38	54	0.0000			true	sp|P07737|PROF1_HUMAN		PROF1_HUMAN	PFN1	Profilin-1		
28209		SVDPTLALSVYLR		K	A	13	2	5636.7371	1432.7867	1432.7897	717.4006	717.4021	1432.7925	717.4035	-0.0028	0.02014883000000	17.2830	0.0000	0.9738	2	0	468	481	0.0000			true	sp|Q00610|CLH1_HUMAN		CLH1_HUMAN	CLTC	Clathrin heavy chain 1		
28550		ALLTGLLDLQAR		K	Y	12	2	5698.6624	1282.7571	1282.7609	642.3858	642.3877	1282.7607	642.3876	0.0001	0.00085260890000	22.7770	9.5990	1.0000	2	0	413	425	0.0000			true	sp|P80404|GABT_HUMAN		GABT_HUMAN	ABAT	4-aminobutyrate aminotransferase, mitochondrial		
28844		ALQSVGQIVGEVLK		K	Q	14	2	5749.5277	1439.8335	1439.8365	720.9240	720.9255	1439.8347	720.9246	0.0018	0.00002103178000	21.6690	11.5550	1.0000	2	0	48	62	0.0000			true	sp|P62333|PRS10_HUMAN		PRS10_HUMAN	PSMC6	26S proteasome regulatory subunit 10B		
